0.000000e+00,1.736176e-08,8.708930e-07,1.075849e-04,1.739178e-02,4.068799e-01,2.395812e-02,8.952153e-04,4.882559e+01
6.544568e-10,1.844059e-08,8.686474e-07,1.108771e-04,1.736934e-02,4.071427e-01,2.472316e-02,9.520702e-04,4.885712e+01
1.511722e-05,2.618860e-05,1.214151e-06,4.178405e-03,2.053516e-02,3.744461e-01,7.880579e-01,1.143647e+00,4.493353e+01
2.829602e-02,3.774035e-02,4.996161e-04,1.586198e-01,4.165622e-01,8.313777e-02,1.474766e+00,8.124632e+01,9.976533e+00
0.000000e+00,1.736133e-08,8.708806e-07,1.075835e-04,1.739166e-02,4.068814e-01,2.395800e-02,8.951993e-04,4.882577e+01
1.099489e-09,1.921181e-08,8.686978e-07,1.131719e-04,1.736985e-02,4.071367e-01,2.523411e-02,9.918589e-04,4.885641e+01
2.539710e-05,4.398538e-05,1.429932e-06,5.415126e-03,2.228535e-02,3.594418e-01,9.410979e-01,1.769973e+00,4.313302e+01
0.000000e+00,1.735951e-08,8.708242e-07,1.075779e-04,1.739109e-02,4.068880e-01,2.395752e-02,8.951344e-04,4.882656e+01
7.632094e-10,1.862700e-08,8.685884e-07,1.114361e-04,1.736875e-02,4.071496e-01,2.484865e-02,9.617272e-04,4.885795e+01
1.762927e-05,3.053752e-05,1.254490e-06,4.512023e-03,2.087350e-02,3.713990e-01,8.371856e-01,1.311947e+00,4.456788e+01
2.754251e-02,3.625607e-02,4.596769e-04,1.554693e-01,3.995655e-01,8.488761e-02,1.506962e+00,8.137115e+01,1.018651e+01
6.015890e-02,6.998368e-02,8.868361e-04,2.159995e-01,5.549877e-01,7.202722e-02,1.507353e+00,1.130814e+02,8.643267e+00
8.593609e-02,9.615044e-02,1.218233e-03,2.531804e-01,6.504694e-01,6.653113e-02,1.507470e+00,1.325568e+02,7.983736e+00
1.085050e-01,1.189308e-01,1.506718e-03,2.815799e-01,7.233987e-01,6.308839e-02,1.507542e+00,1.474329e+02,7.570607e+00
1.290462e-01,1.396041e-01,1.768521e-03,3.050728e-01,7.837306e-01,6.061148e-02,1.507587e+00,1.597383e+02,7.273378e+00
1.481373e-01,1.587826e-01,2.011418e-03,3.253538e-01,8.358201e-01,5.869241e-02,1.507609e+00,1.703601e+02,7.043089e+00
1.661169e-01,1.768210e-01,2.239929e-03,3.433375e-01,8.820208e-01,5.713456e-02,1.507607e+00,1.797764e+02,6.856148e+00
1.832052e-01,1.939483e-01,2.456973e-03,3.595815e-01,9.237658e-01,5.582868e-02,1.507583e+00,1.882790e+02,6.699442e+00
1.995560e-01,2.103236e-01,2.664580e-03,3.744539e-01,9.620022e-01,5.470793e-02,1.507537e+00,1.960603e+02,6.564952e+00
0.000000e+00,1.729956e-08,8.686322e-07,1.073920e-04,1.736919e-02,4.071444e-01,2.394627e-02,8.931680e-04,4.885733e+01
5.467375e-10,1.818934e-08,8.662314e-07,1.101192e-04,1.734517e-02,4.074262e-01,2.458838e-02,9.404076e-04,4.889115e+01
1.262861e-05,2.188020e-05,1.111276e-06,3.819267e-03,1.964593e-02,3.828265e-01,7.529274e-01,9.987493e-01,4.593919e+01
3.037118e-02,4.240152e-02,4.766058e-04,1.681300e-01,4.068566e-01,8.412357e-02,1.600477e+00,9.345829e+01,1.009483e+01
6.865098e-02,8.198820e-02,9.209578e-04,2.337922e-01,5.655637e-01,7.135059e-02,1.601010e+00,1.300012e+02,8.562071e+00
9.891377e-02,1.127080e-01,1.265594e-03,2.741143e-01,6.629930e-01,6.589976e-02,1.601284e+00,1.524486e+02,7.907971e+00
1.254224e-01,1.394642e-01,1.565581e-03,3.049199e-01,7.373938e-01,6.248684e-02,1.601518e+00,1.696059e+02,7.498421e+00
1.495568e-01,1.637526e-01,1.837755e-03,3.304064e-01,7.989241e-01,6.003238e-02,1.601727e+00,1.838063e+02,7.203886e+00
1.719968e-01,1.862939e-01,2.090246e-03,3.524144e-01,8.520407e-01,5.813105e-02,1.601913e+00,1.960722e+02,6.975726e+00
1.931388e-01,2.075036e-01,2.327741e-03,3.719351e-01,8.991435e-01,5.658793e-02,1.602078e+00,2.069542e+02,6.790552e+00
2.132410e-01,2.276501e-01,2.553279e-03,3.895725e-01,9.416961e-01,5.529463e-02,1.602224e+00,2.167877e+02,6.635355e+00
2.324835e-01,2.469196e-01,2.768968e-03,4.057254e-01,9.806648e-01,5.418487e-02,1.602349e+00,2.257942e+02,6.502184e+00
2.509975e-01,2.654473e-01,2.976342e-03,4.206719e-01,1.016724e+00,5.321533e-02,1.602456e+00,2.341278e+02,6.385840e+00
2.688830e-01,2.833362e-01,3.176575e-03,4.346157e-01,1.050367e+00,5.235615e-02,1.602543e+00,2.419015e+02,6.282738e+00
2.862180e-01,3.006659e-01,3.370572e-03,4.477096e-01,1.081966e+00,5.158596e-02,1.602612e+00,2.492001e+02,6.190316e+00
3.030651e-01,3.175004e-01,3.559068e-03,4.600728e-01,1.111808e+00,5.088894e-02,1.602664e+00,2.560898e+02,6.106673e+00
3.194759e-01,3.338924e-01,3.742665e-03,4.717997e-01,1.140124e+00,5.025303e-02,1.602696e+00,2.626227e+02,6.030364e+00
3.354930e-01,3.498853e-01,3.921860e-03,4.829668e-01,1.167099e+00,4.966889e-02,1.602711e+00,2.688411e+02,5.960267e+00
0.000000e+00,1.410844e-07,6.585375e-06,3.066860e-04,2.486983e-02,6.543063e-01,4.776027e-02,1.375706e-03,3.925838e+01
3.329974e-01,3.519285e-01,1.475130e-02,4.843749e-01,1.177057e+00,9.510836e-02,1.593784e+00,7.250638e+01,5.706501e+00
5.834810e-01,5.980959e-01,2.505447e-02,6.314512e-01,1.533999e+00,8.331150e-02,1.594264e+00,9.455078e+01,4.998690e+00
7.888607e-01,7.977445e-01,3.359332e-02,7.292665e-01,1.776270e+00,7.742175e-02,1.590095e+00,1.089116e+02,4.645305e+00
9.705756e-01,9.728112e-01,4.149044e-02,8.053203e-01,1.974043e+00,7.344111e-02,1.580002e+00,1.195065e+02,4.406466e+00
0.000000e+00,1.404881e-07,6.583775e-06,3.060372e-04,2.486681e-02,6.543460e-01,4.766502e-02,1.370058e-03,3.926076e+01
3.377908e-01,3.573511e-01,1.563612e-02,4.880923e-01,1.211845e+00,9.373331e-02,1.559914e+00,7.151012e+01,5.623999e+00
5.949306e-01,6.096953e-01,2.708611e-02,6.375449e-01,1.594982e+00,8.170330e-02,1.548106e+00,9.269930e+01,4.902198e+00
8.088319e-01,8.170388e-01,3.715101e-02,7.380329e-01,1.867961e+00,7.549768e-02,1.530219e+00,1.060704e+02,4.529861e+00
0.000000e+00,1.406755e-07,6.579646e-06,3.062412e-04,2.485901e-02,6.544487e-01,4.771177e-02,1.372316e-03,3.926692e+01
3.069476e-01,3.236063e-01,1.572937e-02,4.644756e-01,1.215453e+00,9.359409e-02,1.480029e+00,6.456516e+01,5.615645e+00
5.381590e-01,5.504875e-01,2.711749e-02,6.057984e-01,1.595906e+00,8.167965e-02,1.470166e+00,8.364877e+01,4.900779e+00
7.288019e-01,7.353029e-01,3.686887e-02,7.001442e-01,1.860855e+00,7.564170e-02,1.457205e+00,9.582378e+01,4.538502e+00
8.987324e-01,8.983438e-01,4.609404e-02,7.738836e-01,2.080678e+00,7.153442e-02,1.440511e+00,1.047025e+02,4.292065e+00
0.000000e+00,1.403560e-07,6.579483e-06,3.058932e-04,2.485870e-02,6.544527e-01,4.765814e-02,1.369216e-03,3.926717e+01
3.402960e-01,3.603389e-01,1.613256e-02,4.901285e-01,1.230932e+00,9.300373e-02,1.542131e+00,7.098986e+01,5.580224e+00
5.962281e-01,6.113412e-01,2.774323e-02,6.384049e-01,1.614214e+00,8.121514e-02,1.531725e+00,9.184216e+01,4.872908e+00
8.048011e-01,8.133763e-01,3.776631e-02,7.363769e-01,1.883366e+00,7.518827e-02,1.514297e+00,1.047312e+02,4.511296e+00
9.879674e-01,9.889071e-01,4.748628e-02,8.119553e-01,2.111867e+00,7.100423e-02,1.489056e+00,1.135555e+02,4.260253e+00
0.000000e+00,1.399725e-07,6.547384e-06,3.054751e-04,2.479799e-02,6.552534e-01,4.770951e-02,1.368818e-03,3.931520e+01
3.471382e-01,3.674002e-01,1.549815e-02,4.949076e-01,1.206486e+00,9.394123e-02,1.588720e+00,7.384760e+01,5.636474e+00
6.075089e-01,6.229532e-01,2.691427e-02,6.444394e-01,1.589915e+00,8.183340e-02,1.569835e+00,9.501694e+01,4.910004e+00
8.201150e-01,8.290480e-01,3.723004e-02,7.434371e-01,1.869947e+00,7.545758e-02,1.539787e+00,1.075152e+02,4.527455e+00
0.000000e+00,1.408282e-07,6.589018e-06,3.064074e-04,2.487670e-02,6.542159e-01,4.770369e-02,1.372828e-03,3.925295e+01
3.111573e-01,3.288605e-01,1.569328e-02,4.682311e-01,1.214058e+00,9.364784e-02,1.493710e+00,6.568885e+01,5.618870e+00
5.465664e-01,5.598651e-01,2.710573e-02,6.109365e-01,1.595560e+00,8.168851e-02,1.482957e+00,8.509221e+01,4.901310e+00
7.411065e-01,7.484211e-01,3.727062e-02,7.063621e-01,1.870966e+00,7.543702e-02,1.462201e+00,9.700622e+01,4.526221e+00
9.141055e-01,9.142625e-01,4.740900e-02,7.807102e-01,2.110148e+00,7.103314e-02,1.432922e+00,1.050697e+02,4.261989e+00
0.000000e+00,9.714052e-06,1.886270e-04,2.544805e-03,5.282154e-02,1.131320e+00,1.865903e-01,7.023636e-03,1.696979e+01
9.014323e-01,8.201980e-01,2.682062e-01,7.394584e-01,1.991790e+00,1.842337e-01,1.437857e+00,1.572707e+01,2.763505e+00
0.000000e+00,1.148290e-06,3.435524e-05,8.749437e-04,3.578429e-02,8.658805e-01,9.469639e-02,3.088199e-03,2.597642e+01
5.174908e-01,5.312228e-01,6.869837e-02,5.951038e-01,1.600181e+00,1.294851e-01,1.440354e+00,3.194874e+01,3.884552e+00
9.006703e-01,8.797331e-01,1.172759e-01,7.658255e-01,2.090741e+00,1.132802e-01,1.418650e+00,4.049456e+01,3.398406e+00
0.000000e+00,1.401272e-07,6.562113e-06,3.056438e-04,2.482586e-02,6.548854e-01,4.768226e-02,1.368792e-03,3.929313e+01
3.047674e-01,3.205876e-01,1.473459e-02,4.623041e-01,1.176391e+00,9.513530e-02,1.522025e+00,6.608679e+01,5.708118e+00
5.340462e-01,5.458813e-01,2.544889e-02,6.032586e-01,1.546026e+00,8.298680e-02,1.511236e+00,8.562502e+01,4.979208e+00
7.240725e-01,7.304683e-01,3.469144e-02,6.978387e-01,1.805068e+00,7.680167e-02,1.497294e+00,9.813573e+01,4.608100e+00
8.945126e-01,8.944119e-01,4.349390e-02,7.721882e-01,2.021142e+00,7.258036e-02,1.479694e+00,1.073149e+02,4.354822e+00
0.000000e+00,1.743653e-08,1.283765e-06,1.078163e-04,1.743058e-02,4.923511e-01,2.395621e-02,6.112811e-04,5.908213e+01
1.967771e-01,2.097064e-01,3.678865e-03,3.739040e-01,9.330955e-01,6.729267e-02,1.551957e+00,1.373341e+02,8.075120e+00
3.519408e-01,3.645240e-01,6.413872e-03,4.929665e-01,1.232053e+00,5.856203e-02,1.549650e+00,1.807963e+02,7.027444e+00
4.785092e-01,4.903254e-01,8.662478e-03,5.717373e-01,1.431826e+00,5.432324e-02,1.546507e+00,2.092603e+02,6.518789e+00
5.902457e-01,6.010909e-01,1.067412e-02,6.330302e-01,1.589407e+00,5.156004e-02,1.542535e+00,2.310988e+02,6.187204e+00
6.923434e-01,7.020816e-01,1.254620e-02,6.841450e-01,1.723159e+00,4.951857e-02,1.537689e+00,2.489746e+02,5.942229e+00
7.875110e-01,7.960322e-01,1.433303e-02,7.284835e-01,1.841782e+00,4.789738e-02,1.531888e+00,2.641102e+02,5.747685e+00
8.774074e-01,8.846148e-01,1.607188e-02,7.679474e-01,1.950305e+00,4.654570e-02,1.525017e+00,2.771689e+02,5.585484e+00
9.631510e-01,9.689527e-01,1.779239e-02,8.037217e-01,2.052042e+00,4.537719e-02,1.516928e+00,2.885420e+02,5.445263e+00
0.000000e+00,1.405132e-07,6.576055e-06,3.060645e-04,2.485222e-02,6.545380e-01,4.769725e-02,1.371107e-03,3.927228e+01
3.163203e-01,3.323199e-01,1.461836e-02,4.706873e-01,1.171742e+00,9.532384e-02,1.555773e+00,6.877708e+01,5.719430e+00
5.530255e-01,5.649538e-01,2.518509e-02,6.137066e-01,1.537993e+00,8.320326e-02,1.545440e+00,8.907955e+01,4.992196e+00
7.482527e-01,7.546582e-01,3.427771e-02,7.092993e-01,1.794273e+00,7.703237e-02,1.531041e+00,1.019956e+02,4.621943e+00
9.224678e-01,9.223127e-01,4.295384e-02,7.841398e-01,2.008554e+00,7.280743e-02,1.512013e+00,1.113561e+02,4.368446e+00
0.000000e+00,1.404113e-07,6.571366e-06,3.059535e-04,2.484336e-02,6.546547e-01,4.769697e-02,1.370601e-03,3.927929e+01
3.142288e-01,3.327293e-01,1.657357e-02,4.709772e-01,1.247643e+00,9.237879e-02,1.462026e+00,6.467255e+01,5.542727e+00
5.502525e-01,5.640749e-01,2.837969e-02,6.132291e-01,1.632625e+00,8.075591e-02,1.454729e+00,8.378570e+01,4.845355e+00
7.441367e-01,7.517509e-01,3.845855e-02,7.079317e-01,1.900548e+00,7.484762e-02,1.442640e+00,9.592115e+01,4.490858e+00
9.163036e-01,9.166342e-01,4.797811e-02,7.817221e-01,2.122776e+00,7.082155e-02,1.426244e+00,1.047156e+02,4.249293e+00
0.000000e+00,1.413956e-07,6.615708e-06,3.070240e-04,2.492704e-02,6.535550e-01,4.770318e-02,1.375576e-03,3.921330e+01
3.137787e-01,3.304253e-01,1.645900e-02,4.693437e-01,1.243324e+00,9.253912e-02,1.462017e+00,6.444785e+01,5.552348e+00
5.513029e-01,5.631999e-01,2.891922e-02,6.127533e-01,1.648071e+00,8.037659e-02,1.439977e+00,8.287168e+01,4.822595e+00
7.473771e-01,7.527469e-01,4.044317e-02,7.084005e-01,1.948970e+00,7.391199e-02,1.407730e+00,9.366196e+01,4.434720e+00
9.219115e-01,9.193399e-01,5.238674e-02,7.828750e-01,2.218162e+00,6.928208e-02,1.366926e+00,1.005084e+02,4.156925e+00
0.000000e+00,1.391074e-07,6.519932e-06,3.045296e-04,2.474594e-02,6.559420e-01,4.766187e-02,1.363219e-03,3.935652e+01
3.223281e-01,3.415218e-01,1.564358e-02,4.771595e-01,1.212134e+00,9.372213e-02,1.524609e+00,6.832619e+01,5.623328e+00
5.654849e-01,5.801678e-01,2.678771e-02,6.219152e-01,1.586172e+00,8.192988e-02,1.518541e+00,8.869982e+01,4.915793e+00
7.668320e-01,7.754223e-01,3.656253e-02,7.189911e-01,1.853108e+00,7.579964e-02,1.502687e+00,1.014745e+02,4.547978e+00
9.474514e-01,9.487355e-01,4.626841e-02,7.952926e-01,2.084610e+00,7.146692e-02,1.477569e+00,1.103671e+02,4.288015e+00
0.000000e+00,9.713747e-06,1.886477e-04,2.544766e-03,5.282444e-02,1.131289e+00,1.865772e-01,7.023031e-03,1.696933e+01
9.606328e-01,8.955653e-01,2.340229e-01,7.726859e-01,1.860537e+00,1.906214e-01,1.608460e+00,1.838364e+01,2.859321e+00
0.000000e+00,1.170082e-06,3.516684e-05,8.832072e-04,3.620449e-02,8.608410e-01,9.448128e-02,3.110284e-03,2.582523e+01
5.391460e-01,5.523279e-01,5.936300e-02,6.068102e-01,1.487489e+00,1.343004e-01,1.579955e+00,3.573463e+01,4.029012e+00
9.349971e-01,9.184842e-01,9.516944e-02,7.825106e-01,1.883409e+00,1.193526e-01,1.609131e+00,4.693244e+01,3.580578e+00
0.000000e+00,1.409930e-07,6.596821e-06,3.065866e-04,2.489143e-02,6.540223e-01,4.770335e-02,1.373621e-03,3.924134e+01
3.471536e-01,3.668185e-01,1.722156e-02,4.945156e-01,1.271800e+00,9.149727e-02,1.505937e+00,6.994424e+01,5.489836e+00
6.100288e-01,6.241781e-01,3.012242e-02,6.450726e-01,1.682006e+00,7.956164e-02,1.485343e+00,8.999128e+01,4.773699e+00
8.271544e-01,8.337741e-01,4.205906e-02,7.455531e-01,1.987524e+00,7.319161e-02,1.452820e+00,1.017315e+02,4.391497e+00
0.000000e+00,1.726894e-08,1.271957e-06,1.072969e-04,1.735024e-02,4.934897e-01,2.395121e-02,6.082093e-04,5.921877e+01
2.025815e-01,2.155930e-01,3.917928e-03,3.791157e-01,9.629360e-01,6.624180e-02,1.524825e+00,1.368139e+02,7.949016e+00
3.618824e-01,3.744827e-01,6.864053e-03,4.996550e-01,1.274558e+00,5.757727e-02,1.518296e+00,1.795415e+02,6.909273e+00
4.921002e-01,5.038375e-01,9.328289e-03,5.795616e-01,1.485834e+00,5.332683e-02,1.510689e+00,2.072111e+02,6.399219e+00
6.074076e-01,6.180530e-01,1.157626e-02,6.418998e-01,1.655211e+00,5.052475e-02,1.501964e+00,2.281735e+02,6.062970e+00
7.131892e-01,7.225757e-01,1.371460e-02,6.940584e-01,1.801610e+00,4.842843e-02,1.492041e+00,2.450842e+02,5.811412e+00
8.122385e-01,8.202261e-01,1.580485e-02,7.394710e-01,1.934035e+00,4.674106e-02,1.480820e+00,2.591564e+02,5.608928e+00
9.062162e-01,9.126734e-01,1.789019e-02,7.800314e-01,2.057674e+00,4.531505e-02,1.468186e+00,2.710388e+02,5.437807e+00
9.962872e-01,1.001084e+00,2.000792e-02,8.169391e-01,2.176056e+00,4.406520e-02,1.454002e+00,2.811209e+02,5.287824e+00
0.000000e+00,1.407395e-07,6.583318e-06,3.063108e-04,2.486594e-02,6.543574e-01,4.770930e-02,1.372557e-03,3.926144e+01
3.332549e-01,3.524826e-01,1.519127e-02,4.847560e-01,1.194482e+00,9.441211e-02,1.571771e+00,7.156118e+01,5.664727e+00
5.832080e-01,5.979811e-01,2.577914e-02,6.313906e-01,1.556026e+00,8.271973e-02,1.571546e+00,9.319447e+01,4.963184e+00
7.883648e-01,7.972332e-01,3.461559e-02,7.290328e-01,1.803094e+00,7.684371e-02,1.565937e+00,1.072226e+02,4.610622e+00
9.706487e-01,9.726284e-01,4.287065e-02,8.052447e-01,2.006608e+00,7.284273e-02,1.554214e+00,1.175449e+02,4.370564e+00
0.000000e+00,1.404296e-07,6.571861e-06,3.059734e-04,2.484430e-02,6.546424e-01,4.769826e-02,1.370728e-03,3.927855e+01
3.240731e-01,3.432434e-01,1.687147e-02,4.783607e-01,1.258806e+00,9.196828e-02,1.471778e+00,6.612454e+01,5.518096e+00
5.697164e-01,5.838811e-01,2.928576e-02,6.239023e-01,1.658482e+00,8.012390e-02,1.456973e+00,8.537546e+01,4.807434e+00
7.731616e-01,7.805653e-01,4.003888e-02,7.213715e-01,1.939204e+00,7.409787e-02,1.440725e+00,9.761243e+01,4.445872e+00
9.550821e-01,9.544480e-01,5.020924e-02,7.976833e-01,2.171572e+00,7.002132e-02,1.422662e+00,1.065853e+02,4.201280e+00
0.000000e+00,1.404241e-07,6.568360e-06,3.059674e-04,2.483768e-02,6.547296e-01,4.771005e-02,1.371040e-03,3.928378e+01
2.990251e-01,3.147205e-01,1.505020e-02,4.580542e-01,1.188923e+00,9.463257e-02,1.492138e+00,6.419347e+01,5.677954e+00
5.240633e-01,5.357646e-01,2.582547e-02,5.976424e-01,1.557423e+00,8.268261e-02,1.486211e+00,8.342319e+01,4.960957e+00
7.102447e-01,7.165504e-01,3.497891e-02,6.911586e-01,1.812532e+00,7.664338e-02,1.476854e+00,9.586948e+01,4.598603e+00
8.767787e-01,8.766997e-01,4.359106e-02,7.645041e-01,2.023397e+00,7.253989e-02,1.463337e+00,1.050725e+02,4.352393e+00
0.000000e+00,1.407720e-07,6.585564e-06,3.063462e-04,2.487019e-02,6.543016e-01,4.770667e-02,1.372640e-03,3.925809e+01
3.273685e-01,3.457602e-01,1.592041e-02,4.801113e-01,1.222812e+00,9.331203e-02,1.520645e+00,6.857011e+01,5.598722e+00
5.747020e-01,5.884619e-01,2.682077e-02,6.263449e-01,1.587150e+00,8.190463e-02,1.528414e+00,8.991242e+01,4.914278e+00
7.803280e-01,7.879493e-01,3.569733e-02,7.247755e-01,1.831051e+00,7.625482e-02,1.533023e+00,1.043560e+02,4.575289e+00
9.656459e-01,9.660796e-01,4.377645e-02,8.025292e-01,2.027696e+00,7.246296e-02,1.532864e+00,1.155392e+02,4.347778e+00
0.000000e+00,1.408063e-07,6.585974e-06,3.063836e-04,2.487096e-02,6.542915e-01,4.771101e-02,1.372932e-03,3.925749e+01
3.327103e-01,3.499387e-01,1.552930e-02,4.830036e-01,1.207698e+00,9.389409e-02,1.548950e+00,7.026724e+01,5.633645e+00
5.836614e-01,5.962830e-01,2.655129e-02,6.304935e-01,1.579157e+00,8.211166e-02,1.546326e+00,9.156860e+01,4.926700e+00
7.887267e-01,7.952490e-01,3.575451e-02,7.281250e-01,1.832517e+00,7.622431e-02,1.538876e+00,1.052385e+02,4.573459e+00
9.693119e-01,9.687794e-01,4.424785e-02,8.036498e-01,2.038584e+00,7.226919e-02,1.526806e+00,1.152433e+02,4.336151e+00
0.000000e+00,1.404390e-07,6.574989e-06,3.059836e-04,2.485021e-02,6.545646e-01,4.768851e-02,1.370493e-03,3.927387e+01
3.124357e-01,3.302343e-01,1.569618e-02,4.692081e-01,1.214170e+00,9.364353e-02,1.496689e+00,6.595720e+01,5.618612e+00
5.481240e-01,5.614969e-01,2.726427e-02,6.118261e-01,1.600219e+00,8.156949e-02,1.480793e+00,8.509171e+01,4.894170e+00
7.428496e-01,7.501764e-01,3.772607e-02,7.071899e-01,1.882363e+00,7.520831e-02,1.455051e+00,9.664500e+01,4.512498e+00
9.164858e-01,9.165087e-01,4.836376e-02,7.816686e-01,2.131290e+00,7.067995e-02,1.420449e+00,1.042830e+02,4.240797e+00
0.000000e+00,1.422465e-07,6.653897e-06,3.079464e-04,2.499888e-02,6.526152e-01,4.770899e-02,1.379877e-03,3.915691e+01
3.473072e-01,3.677657e-01,1.683354e-02,4.951536e-01,1.257390e+00,9.202003e-02,1.525160e+00,7.092844e+01,5.521202e+00
6.112764e-01,6.263874e-01,2.908324e-02,6.462132e-01,1.652737e+00,8.026303e-02,1.514320e+00,9.190910e+01,4.815782e+00
8.291284e-01,8.370616e-01,3.967293e-02,7.470215e-01,1.930321e+00,7.426816e-02,1.498819e+00,1.051592e+02,4.456090e+00
0.000000e+00,1.396362e-07,6.514288e-06,3.051078e-04,2.473523e-02,6.560841e-01,4.777305e-02,1.368993e-03,3.936504e+01
3.106279e-01,3.278977e-01,1.624038e-02,4.675452e-01,1.235039e+00,9.284899e-02,1.466184e+00,6.438387e+01,5.570939e+00
5.480266e-01,5.606385e-01,2.843956e-02,6.113583e-01,1.634346e+00,8.071338e-02,1.448763e+00,8.318755e+01,4.842803e+00
7.474440e-01,7.535726e-01,3.945813e-02,7.087889e-01,1.925089e+00,7.436903e-02,1.425974e+00,9.492786e+01,4.462142e+00
9.275755e-01,9.257807e-01,5.042954e-02,7.856126e-01,2.176331e+00,6.994472e-02,1.398071e+00,1.031579e+02,4.196683e+00
0.000000e+00,1.408928e-07,6.596217e-06,3.064776e-04,2.489029e-02,6.540372e-01,4.768858e-02,1.372708e-03,3.924223e+01
3.368347e-01,3.540182e-01,1.649112e-02,4.858108e-01,1.244536e+00,9.249403e-02,1.511838e+00,6.898225e+01,5.549642e+00
5.918249e-01,6.039501e-01,2.861487e-02,6.345340e-01,1.639375e+00,8.058947e-02,1.499071e+00,8.933919e+01,4.835368e+00
8.012062e-01,8.065403e-01,3.912399e-02,7.332759e-01,1.916920e+00,7.452731e-02,1.481525e+00,1.020332e+02,4.471639e+00
9.861666e-01,9.835105e-01,4.916667e-02,8.097368e-01,2.148909e+00,7.038961e-02,1.459391e+00,1.109891e+02,4.223376e+00
0.000000e+00,1.389598e-07,6.502888e-06,3.043680e-04,2.471358e-02,6.563714e-01,4.769897e-02,1.363556e-03,3.938229e+01
3.032327e-01,3.183417e-01,1.706495e-02,4.606819e-01,1.266004e+00,9.170647e-02,1.409327e+00,6.097867e+01,5.502388e+00
5.321658e-01,5.425642e-01,2.941810e-02,6.014228e-01,1.662225e+00,8.003364e-02,1.401315e+00,7.915541e+01,4.802018e+00
7.203634e-01,7.244892e-01,3.995310e-02,6.949769e-01,1.937126e+00,7.413761e-02,1.389499e+00,9.069713e+01,4.448257e+00
8.879119e-01,8.846606e-01,4.985536e-02,7.679673e-01,2.163906e+00,7.014525e-02,1.374516e+00,9.914198e+01,4.208715e+00
0.000000e+00,1.407289e-07,6.586113e-06,3.062993e-04,2.487122e-02,6.542880e-01,4.769738e-02,1.372163e-03,3.925728e+01
3.203155e-01,3.393808e-01,1.474256e-02,4.756615e-01,1.176709e+00,9.512245e-02,1.565578e+00,6.994196e+01,5.707347e+00
5.590485e-01,5.739403e-01,2.554806e-02,6.185684e-01,1.549036e+00,8.290615e-02,1.546578e+00,8.985137e+01,4.974369e+00
7.537020e-01,7.629479e-01,3.524933e-02,7.131844e-01,1.819525e+00,7.649597e-02,1.518062e+00,1.016849e+02,4.589758e+00
9.256322e-01,9.281412e-01,4.495927e-02,7.866135e-01,2.054907e+00,7.198159e-02,1.482569e+00,1.095321e+02,4.318895e+00
0.000000e+00,1.406884e-07,6.590567e-06,3.062552e-04,2.487963e-02,6.541774e-01,4.767440e-02,1.371304e-03,3.925064e+01
3.486958e-01,3.671362e-01,1.550805e-02,4.947297e-01,1.206872e+00,9.392624e-02,1.587642e+00,7.377096e+01,5.635575e+00
6.130694e-01,6.266475e-01,2.669390e-02,6.463475e-01,1.583392e+00,8.200177e-02,1.580968e+00,9.597414e+01,4.920106e+00
8.308787e-01,8.379210e-01,3.620285e-02,7.474049e-01,1.843970e+00,7.598722e-02,1.569812e+00,1.101967e+02,4.559233e+00
0.000000e+00,1.415705e-07,6.631899e-06,3.072139e-04,2.495752e-02,6.531557e-01,4.767437e-02,1.375596e-03,3.918935e+01
3.344830e-01,3.543755e-01,1.568842e-02,4.860559e-01,1.213870e+00,9.365510e-02,1.550814e+00,7.079639e+01,5.619306e+00
5.893870e-01,6.045351e-01,2.690318e-02,6.348413e-01,1.589587e+00,8.184183e-02,1.546773e+00,9.222669e+01,4.910510e+00
8.016385e-01,8.103569e-01,3.654599e-02,7.350088e-01,1.852688e+00,7.580822e-02,1.536511e+00,1.060702e+02,4.548493e+00
9.935058e-01,9.945017e-01,4.590245e-02,8.142489e-01,2.076349e+00,7.160895e-02,1.518806e+00,1.161514e+02,4.296537e+00
0.000000e+00,1.404212e-07,6.566260e-06,3.059643e-04,2.483371e-02,6.547819e-01,4.771718e-02,1.371231e-03,3.928691e+01
3.203725e-01,3.384492e-01,1.547468e-02,4.750082e-01,1.205572e+00,9.397683e-02,1.525996e+00,6.807999e+01,5.638610e+00
5.623244e-01,5.759793e-01,2.642987e-02,6.196662e-01,1.575542e+00,8.220581e-02,1.523258e+00,8.865358e+01,4.932349e+00
7.614347e-01,7.691886e-01,3.567247e-02,7.160953e-01,1.830413e+00,7.626810e-02,1.515191e+00,1.019068e+02,4.576086e+00
9.381873e-01,9.390315e-01,4.440594e-02,7.912149e-01,2.042222e+00,7.220478e-02,1.500504e+00,1.115055e+02,4.332287e+00
0.000000e+00,1.406221e-07,6.591518e-06,3.061831e-04,2.488142e-02,6.541538e-01,4.765973e-02,1.370559e-03,3.924923e+01
2.973422e-01,3.137415e-01,1.459155e-02,4.573413e-01,1.170667e+00,9.536760e-02,1.513048e+00,6.499174e+01,5.722056e+00
5.224489e-01,5.349949e-01,2.502487e-02,5.972129e-01,1.533093e+00,8.333611e-02,1.508712e+00,8.462537e+01,5.000167e+00
7.092332e-01,7.165600e-01,3.370545e-02,6.911633e-01,1.779232e+00,7.735728e-02,1.504505e+00,9.766512e+01,4.641437e+00
8.764920e-01,8.776853e-01,4.151775e-02,7.649337e-01,1.974692e+00,7.342903e-02,1.500272e+00,1.077851e+02,4.405742e+00
0.000000e+00,1.395671e-07,6.530205e-06,3.050323e-04,2.476543e-02,6.556839e-01,4.770298e-02,1.366647e-03,3.934104e+01
3.098553e-01,3.283726e-01,1.415197e-02,4.678836e-01,1.152898e+00,9.609969e-02,1.571783e+00,6.907094e+01,5.765981e+00
5.441632e-01,5.588068e-01,2.426523e-02,6.103588e-01,1.509645e+00,8.398082e-02,1.565871e+00,8.976485e+01,5.038849e+00
7.380753e-01,7.474473e-01,3.294641e-02,7.059024e-01,1.759084e+00,7.779904e-02,1.554189e+00,1.030418e+02,4.667942e+00
9.115531e-01,9.146571e-01,4.120667e-02,7.808786e-01,1.967281e+00,7.356722e-02,1.537315e+00,1.127487e+02,4.414033e+00
0.000000e+00,1.406089e-07,6.592107e-06,3.061687e-04,2.488253e-02,6.541392e-01,4.765537e-02,1.370370e-03,3.924835e+01
3.361672e-01,3.546111e-01,1.587913e-02,4.862174e-01,1.221226e+00,9.337261e-02,1.541985e+00,7.041673e+01,5.602357e+00
5.913219e-01,6.049299e-01,2.743390e-02,6.350485e-01,1.605189e+00,8.144311e-02,1.532238e+00,9.138988e+01,4.886587e+00
8.002028e-01,8.073329e-01,3.744423e-02,7.336361e-01,1.875318e+00,7.534944e-02,1.515135e+00,1.043992e+02,4.520966e+00
9.835970e-01,9.831445e-01,4.713949e-02,8.095862e-01,2.104141e+00,7.113446e-02,1.490163e+00,1.133083e+02,4.268067e+00
0.000000e+00,1.394898e-07,6.536715e-06,3.049479e-04,2.477777e-02,6.555206e-01,4.766603e-02,1.365211e-03,3.933124e+01
3.181534e-01,3.346582e-01,1.386891e-02,4.723404e-01,1.141310e+00,9.658633e-02,1.602866e+00,7.110780e+01,5.795180e+00
5.599604e-01,5.725583e-01,2.387132e-02,6.178232e-01,1.497341e+00,8.432515e-02,1.598046e+00,9.272961e+01,5.059509e+00
7.607094e-01,7.679446e-01,3.244750e-02,7.155160e-01,1.745714e+00,7.809638e-02,1.587420e+00,1.066783e+02,4.685783e+00
9.412503e-01,9.420581e-01,4.070174e-02,7.924890e-01,1.955190e+00,7.379433e-02,1.569820e+00,1.168445e+02,4.427660e+00
0.000000e+00,1.389759e-07,6.506452e-06,3.043856e-04,2.472035e-02,6.562815e-01,4.768867e-02,1.363341e-03,3.937689e+01
3.127884e-01,3.309045e-01,1.451460e-02,4.696839e-01,1.167576e+00,9.549376e-02,1.557996e+00,6.872852e+01,5.729625e+00
5.482407e-01,5.623924e-01,2.447630e-02,6.123139e-01,1.516196e+00,8.379919e-02,1.564099e+00,8.995048e+01,5.027951e+00
7.427515e-01,7.516267e-01,3.261010e-02,7.078732e-01,1.750083e+00,7.799885e-02,1.566544e+00,1.041509e+02,4.679931e+00
9.166068e-01,9.193369e-01,4.000431e-02,7.828737e-01,1.938366e+00,7.411388e-02,1.564233e+00,1.150160e+02,4.446833e+00
0.000000e+00,9.644689e-06,1.867597e-04,2.535704e-03,5.255945e-02,1.134137e+00,1.868501e-01,7.008259e-03,1.701205e+01
8.886056e-01,8.192905e-01,2.386496e-01,7.390491e-01,1.878839e+00,1.896907e-01,1.523454e+00,1.665410e+01,2.845361e+00
0.000000e+00,9.661687e-06,1.887051e-04,2.537937e-03,5.283248e-02,1.131202e+00,1.860482e-01,6.984328e-03,1.696804e+01
8.504063e-01,7.809534e-01,2.553285e-01,7.215508e-01,1.943385e+00,1.865140e-01,1.437983e+00,1.534755e+01,2.797710e+00
0.000000e+00,9.655495e-06,1.872109e-04,2.537124e-03,5.262289e-02,1.133453e+00,1.867294e-01,7.007653e-03,1.700179e+01
9.583589e-01,8.688871e-01,2.673216e-01,7.610900e-01,1.988503e+00,1.843859e-01,1.482366e+00,1.668822e+01,2.765789e+00
0.000000e+00,9.542614e-06,1.856223e-04,2.522249e-03,5.239915e-02,1.135870e+00,1.864273e-01,6.955299e-03,1.703805e+01
9.031817e-01,8.328838e-01,2.443450e-01,7.451549e-01,1.901126e+00,1.885756e-01,1.518033e+00,1.673194e+01,2.828633e+00
0.000000e+00,9.505622e-06,1.844784e-04,2.517356e-03,5.223745e-02,1.137627e+00,1.866415e-01,6.949784e-03,1.706440e+01
9.168801e-01,8.518934e-01,2.354967e-01,7.536106e-01,1.866386e+00,1.903225e-01,1.563836e+00,1.743237e+01,2.854837e+00
0.000000e+00,1.169870e-06,3.513379e-05,8.831272e-04,3.618748e-02,8.610433e-01,9.451712e-02,3.111182e-03,2.583130e+01
5.441054e-01,5.577661e-01,6.500457e-02,6.097901e-01,1.556567e+00,1.312866e-01,1.517254e+00,3.448501e+01,3.938597e+00
9.525089e-01,9.323279e-01,1.051271e-01,7.883856e-01,1.979490e+00,1.164200e-01,1.542521e+00,4.532747e+01,3.492599e+00
0.000000e+00,1.156378e-06,3.464890e-05,8.780197e-04,3.593690e-02,8.640401e-01,9.462575e-02,3.096743e-03,2.592120e+01
5.761950e-01,5.915516e-01,6.303375e-02,6.279871e-01,1.532789e+00,1.323009e-01,1.586770e+00,3.714123e+01,3.969028e+00
0.000000e+00,1.130190e-06,3.405545e-05,8.680208e-04,3.562781e-02,8.677799e-01,9.435973e-02,3.052871e-03,2.603340e+01
5.186154e-01,5.324197e-01,6.033817e-02,5.957738e-01,1.499657e+00,1.337544e-01,1.538633e+00,3.416711e+01,4.012633e+00
8.958874e-01,8.798988e-01,1.029567e-01,7.658977e-01,1.958949e+00,1.170288e-01,1.514235e+00,4.322706e+01,3.510863e+00
0.000000e+00,1.159638e-06,3.471137e-05,8.792566e-04,3.596928e-02,8.636510e-01,9.467374e-02,3.102679e-03,2.590953e+01
5.053972e-01,5.222343e-01,5.718365e-02,5.900477e-01,1.459929e+00,1.355621e-01,1.565312e+00,3.442546e+01,4.066863e+00
8.771471e-01,8.669335e-01,9.288487e-02,7.602339e-01,1.860666e+00,1.200798e-01,1.582430e+00,4.483978e+01,3.602395e+00
0.000000e+00,1.159476e-06,3.467342e-05,8.791953e-04,3.594961e-02,8.638873e-01,9.471893e-02,3.103944e-03,2.591662e+01
5.446391e-01,5.622703e-01,6.119268e-02,6.122474e-01,1.510239e+00,1.332850e-01,1.570099e+00,3.582990e+01,3.998551e+00
9.484951e-01,9.332821e-01,1.073357e-01,7.887890e-01,2.000175e+00,1.158164e-01,1.527350e+00,4.490462e+01,3.474493e+00
0.000000e+00,1.410145e-07,6.599628e-06,3.066099e-04,2.489673e-02,6.539528e-01,4.769684e-02,1.373539e-03,3.923717e+01
3.415828e-01,3.592383e-01,1.488102e-02,4.893794e-01,1.182222e+00,9.490041e-02,1.603217e+00,7.368908e+01,5.694025e+00
5.990795e-01,6.121560e-01,2.619350e-02,6.388302e-01,1.568481e+00,8.239064e-02,1.577436e+00,9.464600e+01,4.943438e+00
8.105585e-01,8.172970e-01,3.671871e-02,7.381495e-01,1.857061e+00,7.571892e-02,1.539443e+00,1.067267e+02,4.543135e+00
9.985791e-01,9.975701e-01,4.769385e-02,8.155040e-01,2.116478e+00,7.092685e-02,1.492306e+00,1.143008e+02,4.255610e+00
0.000000e+00,1.398729e-07,6.549928e-06,3.053664e-04,2.480280e-02,6.551898e-01,4.768327e-02,1.367579e-03,3.931139e+01
3.386577e-01,3.566390e-01,1.552591e-02,4.876057e-01,1.207566e+00,9.389922e-02,1.563880e+00,7.162048e+01,5.633953e+00
5.925016e-01,6.058323e-01,2.644135e-02,6.355220e-01,1.575884e+00,8.219688e-02,1.561895e+00,9.322824e+01,4.931813e+00
7.992948e-01,8.064883e-01,3.573607e-02,7.332522e-01,1.832044e+00,7.623415e-02,1.550112e+00,1.067533e+02,4.574049e+00
9.801722e-01,9.802612e-01,4.469799e-02,8.083981e-01,2.048927e+00,7.208655e-02,1.528074e+00,1.160205e+02,4.325193e+00
0.000000e+00,1.410312e-07,6.602426e-06,3.066281e-04,2.490200e-02,6.538835e-01,4.768956e-02,1.373411e-03,3.923301e+01
3.367909e-01,3.542524e-01,1.661129e-02,4.859715e-01,1.249063e+00,9.232629e-02,1.506858e+00,6.877776e+01,5.539577e+00
5.906795e-01,6.031302e-01,2.820008e-02,6.341032e-01,1.627450e+00,8.088419e-02,1.509030e+00,8.987167e+01,4.853051e+00
8.008642e-01,8.066773e-01,3.779436e-02,7.333382e-01,1.884066e+00,7.517432e-02,1.507488e+00,1.038301e+02,4.510459e+00
9.874002e-01,9.855233e-01,4.654998e-02,8.105649e-01,2.090943e+00,7.135861e-02,1.501382e+00,1.142994e+02,4.281517e+00
0.000000e+00,1.408209e-07,6.606708e-06,3.063995e-04,2.491008e-02,6.537775e-01,4.763855e-02,1.370918e-03,3.922665e+01
3.138781e-01,3.305795e-01,1.632473e-02,4.694533e-01,1.238242e+00,9.272882e-02,1.468360e+00,6.474256e+01,5.563729e+00
5.533184e-01,5.653534e-01,2.800420e-02,6.139237e-01,1.621788e+00,8.102526e-02,1.466108e+00,8.453670e+01,4.861516e+00
7.544358e-01,7.601087e-01,3.808575e-02,7.118561e-01,1.891315e+00,7.503011e-02,1.457720e+00,9.746111e+01,4.501807e+00
9.360287e-01,9.340752e-01,4.778285e-02,7.891241e-01,2.118452e+00,7.089379e-02,1.442688e+00,1.069258e+02,4.253628e+00
0.000000e+00,1.406310e-07,6.575099e-06,3.061928e-04,2.485042e-02,6.545618e-01,4.772071e-02,1.372356e-03,3.927371e+01
3.436283e-01,3.632251e-01,1.591304e-02,4.920875e-01,1.222529e+00,9.332284e-02,1.558938e+00,7.205035e+01,5.599370e+00
6.035717e-01,6.182829e-01,2.700752e-02,6.420192e-01,1.592667e+00,8.176266e-02,1.561237e+00,9.414163e+01,4.905760e+00
8.178979e-01,8.261354e-01,3.623760e-02,7.421300e-01,1.844855e+00,7.596900e-02,1.557985e+00,1.085946e+02,4.558140e+00
0.000000e+00,1.726857e-08,1.271288e-06,1.072958e-04,1.734567e-02,4.935546e-01,2.395726e-02,6.083564e-04,5.922655e+01
1.956978e-01,2.070291e-01,3.771901e-03,3.715096e-01,9.448205e-01,6.687383e-02,1.522882e+00,1.338982e+02,8.024859e+00
3.487366e-01,3.597047e-01,6.578471e-03,4.896970e-01,1.247762e+00,5.819223e-02,1.519992e+00,1.761600e+02,6.983068e+00
4.739343e-01,4.841148e-01,8.916914e-03,5.681049e-01,1.452702e+00,5.393151e-02,1.514599e+00,2.036407e+02,6.471781e+00
5.848934e-01,5.940734e-01,1.105629e-02,6.293242e-01,1.617610e+00,5.110859e-02,1.506768e+00,2.244187e+02,6.133031e+00
6.867303e-01,6.947559e-01,1.310731e-02,6.805664e-01,1.761270e+00,4.897990e-02,1.496547e+00,2.410455e+02,5.877588e+00
7.820680e-01,7.888060e-01,1.513459e-02,7.251694e-01,1.892581e+00,4.725019e-02,1.483989e+00,2.546880e+02,5.670022e+00
8.724574e-01,8.777843e-01,1.718353e-02,7.649768e-01,2.016626e+00,4.577392e-02,1.469158e+00,2.659837e+02,5.492870e+00
9.588883e-01,9.626812e-01,1.928980e-02,8.011164e-01,2.136648e+00,4.446971e-02,1.452139e+00,2.753228e+02,5.336365e+00
0.000000e+00,1.743236e-08,1.283283e-06,1.078034e-04,1.742731e-02,4.923972e-01,2.395784e-02,6.112495e-04,5.908767e+01
1.857714e-01,1.966188e-01,3.648513e-03,3.620487e-01,9.292384e-01,6.743219e-02,1.508987e+00,1.292977e+02,8.091863e+00
3.314457e-01,3.419739e-01,6.357344e-03,4.774752e-01,1.226611e+00,5.869178e-02,1.507612e+00,1.703643e+02,7.043014e+00
4.502660e-01,4.600800e-01,8.592958e-03,5.538231e-01,1.426069e+00,5.443279e-02,1.504098e+00,1.971449e+02,6.531934e+00
5.551308e-01,5.640392e-01,1.061365e-02,6.132097e-01,1.584899e+00,5.163331e-02,1.498487e+00,2.174706e+02,6.195998e+00
6.509460e-01,6.588175e-01,1.252498e-02,6.627305e-01,1.721701e+00,4.953954e-02,1.490819e+00,2.338300e+02,5.944745e+00
7.402472e-01,7.469737e-01,1.438701e-02,7.056788e-01,1.845247e+00,4.785239e-02,1.481147e+00,2.473681e+02,5.742286e+00
8.245487e-01,8.300306e-01,1.624003e-02,7.438775e-01,1.960481e+00,4.642474e-02,1.469550e+00,2.587165e+02,5.570969e+00
9.046843e-01,9.088320e-01,1.811027e-02,7.783881e-01,2.070292e+00,4.517675e-02,1.456164e+00,2.682531e+02,5.421210e+00
9.812432e-01,9.839667e-01,2.001795e-02,8.099246e-01,2.176602e+00,4.405968e-02,1.441157e+00,2.762448e+02,5.287161e+00
0.000000e+00,1.735003e-08,1.278160e-06,1.075485e-04,1.739249e-02,4.928899e-01,2.394905e-02,6.095806e-04,5.914679e+01
1.907749e-01,2.023279e-01,3.577617e-03,3.672673e-01,9.201659e-01,6.776380e-02,1.545830e+00,1.343638e+02,8.131656e+00
3.401424e-01,3.513831e-01,6.223105e-03,4.839994e-01,1.213592e+00,5.900577e-02,1.544606e+00,1.769298e+02,7.080692e+00
4.619944e-01,4.725237e-01,8.407876e-03,5.612627e-01,1.410627e+00,5.472990e-02,1.540989e+00,2.046935e+02,6.567588e+00
5.696400e-01,5.792629e-01,1.038771e-02,6.214300e-01,1.567939e+00,5.191182e-02,1.535001e+00,2.257560e+02,6.229418e+00
6.680908e-01,6.766729e-01,1.226735e-02,6.716512e-01,1.703902e+00,4.979762e-02,1.526669e+00,2.426761e+02,5.975714e+00
7.599221e-01,7.673523e-01,1.410709e-02,7.152400e-01,1.827207e+00,4.808802e-02,1.516036e+00,2.566255e+02,5.770563e+00
8.466671e-01,8.528430e-01,1.594823e-02,7.540305e-01,1.942788e+00,4.663566e-02,1.503174e+00,2.682480e+02,5.596279e+00
9.293197e-01,9.341428e-01,1.782219e-02,7.891526e-01,2.053760e+00,4.535821e-02,1.488185e+00,2.779434e+02,5.442986e+00
0.000000e+00,1.737476e-08,1.281356e-06,1.076252e-04,1.741422e-02,4.925823e-01,2.393621e-02,6.096878e-04,5.910987e+01
2.016719e-01,2.138454e-01,3.647772e-03,3.775759e-01,9.291440e-01,6.743561e-02,1.573863e+00,1.406402e+02,8.092274e+00
3.610375e-01,3.728631e-01,6.380400e-03,4.985733e-01,1.228834e+00,5.863869e-02,1.571381e+00,1.854168e+02,7.036643e+00
4.910867e-01,5.021288e-01,8.639541e-03,5.785780e-01,1.429929e+00,5.435926e-02,1.567087e+00,2.145820e+02,6.523112e+00
6.059866e-01,6.160315e-01,1.068284e-02,6.408492e-01,1.590057e+00,5.154951e-02,1.560949e+00,2.367462e+02,6.185941e+00
7.110175e-01,7.199198e-01,1.261408e-02,6.927817e-01,1.727814e+00,4.945182e-02,1.552905e+00,2.546125e+02,5.934218e+00
8.088692e-01,8.165109e-01,1.449313e-02,7.377944e-01,1.852040e+00,4.776454e-02,1.542875e+00,2.694042e+02,5.731745e+00
9.011215e-01,9.073938e-01,1.636191e-02,7.777719e-01,1.967824e+00,4.633805e-02,1.530776e+00,2.817750e+02,5.560566e+00
9.887779e-01,9.935790e-01,1.825381e-02,8.138710e-01,2.078480e+00,4.508768e-02,1.516545e+00,2.921119e+02,5.410521e+00
0.000000e+00,1.733607e-08,1.277472e-06,1.075053e-04,1.738781e-02,4.929563e-01,2.394586e-02,6.092543e-04,5.915475e+01
1.779134e-01,1.888471e-01,3.123280e-03,3.548212e-01,8.597548e-01,7.010411e-02,1.598382e+00,1.342235e+02,8.412494e+00
3.197381e-01,3.304646e-01,5.490640e-03,4.693716e-01,1.139937e+00,6.088222e-02,1.594710e+00,1.771483e+02,7.305867e+00
4.366142e-01,4.467573e-01,7.481914e-03,5.457456e-01,1.330686e+00,5.634989e-02,1.588402e+00,2.051582e+02,6.761987e+00
5.401240e-01,5.495014e-01,9.305033e-03,6.052555e-01,1.483980e+00,5.336012e-02,1.579633e+00,2.262733e+02,6.403214e+00
6.347759e-01,6.432622e-01,1.104647e-02,6.548599e-01,1.616892e+00,5.111994e-02,1.568603e+00,2.431083e+02,6.134393e+00
7.229718e-01,7.304671e-01,1.275601e-02,6.978381e-01,1.737507e+00,4.931369e-02,1.555513e+00,2.569016e+02,5.917643e+00
8.061635e-01,8.125739e-01,1.446648e-02,7.360135e-01,1.850336e+00,4.778653e-02,1.540568e+00,2.683521e+02,5.734384e+00
8.853515e-01,8.905890e-01,1.620287e-02,7.705362e-01,1.958236e+00,4.645134e-02,1.523960e+00,2.779105e+02,5.574161e+00
9.612762e-01,9.652544e-01,1.798598e-02,8.021864e-01,2.063175e+00,4.525460e-02,1.505861e+00,2.858896e+02,5.430552e+00
0.000000e+00,1.407370e-07,6.584337e-06,3.063082e-04,2.486787e-02,6.543321e-01,4.770519e-02,1.372427e-03,3.925993e+01
3.022610e-01,3.199983e-01,1.369144e-02,4.618790e-01,1.133984e+00,9.689780e-02,1.577490e+00,6.843212e+01,5.813868e+00
5.311163e-01,5.451975e-01,2.368875e-02,6.028806e-01,1.491604e+00,8.448716e-02,1.565393e+00,8.863794e+01,5.069229e+00
7.205183e-01,7.295671e-01,3.233752e-02,6.974081e-01,1.742753e+00,7.816270e-02,1.549875e+00,1.015193e+02,4.689762e+00
8.894063e-01,8.924639e-01,4.054434e-02,7.713469e-01,1.951406e+00,7.386585e-02,1.530903e+00,1.109079e+02,4.431951e+00
0.000000e+00,1.406001e-07,6.572420e-06,3.061591e-04,2.484535e-02,6.546285e-01,4.772519e-02,1.372334e-03,3.927771e+01
3.386107e-01,3.576767e-01,1.644704e-02,4.883146e-01,1.242872e+00,9.255594e-02,1.521665e+00,6.978847e+01,5.553356e+00
5.974914e-01,6.114823e-01,2.810085e-02,6.384786e-01,1.624584e+00,8.095551e-02,1.522123e+00,9.127694e+01,4.857330e+00
8.139910e-01,8.211306e-01,3.801446e-02,7.398787e-01,1.889544e+00,7.506526e-02,1.516524e+00,1.053840e+02,4.503916e+00
0.000000e+00,1.407431e-07,6.585602e-06,3.063148e-04,2.487026e-02,6.543006e-01,4.770163e-02,1.372354e-03,3.925804e+01
3.259947e-01,3.451902e-01,1.407017e-02,4.797153e-01,1.149561e+00,9.623907e-02,1.616207e+00,7.281915e+01,5.774344e+00
5.749949e-01,5.901192e-01,2.402994e-02,6.272263e-01,1.502308e+00,8.418564e-02,1.617004e+00,9.525775e+01,5.051139e+00
7.844225e-01,7.939418e-01,3.241578e-02,7.275263e-01,1.744861e+00,7.811549e-02,1.614855e+00,1.103436e+02,4.686929e+00
9.738822e-01,9.767123e-01,4.018895e-02,8.069335e-01,1.942835e+00,7.402860e-02,1.608598e+00,1.219131e+02,4.441716e+00
0.000000e+00,1.406356e-07,6.584113e-06,3.061978e-04,2.486745e-02,6.543376e-01,4.768881e-02,1.371461e-03,3.926026e+01
3.109387e-01,3.288925e-01,1.563470e-02,4.682538e-01,1.211790e+00,9.373544e-02,1.496579e+00,6.581820e+01,5.624126e+00
5.466722e-01,5.602736e-01,2.662231e-02,6.111594e-01,1.581268e+00,8.205684e-02,1.496907e+00,8.592395e+01,4.923410e+00
7.394931e-01,7.473524e-01,3.572991e-02,7.058576e-01,1.831886e+00,7.623743e-02,1.492328e+00,9.893417e+01,4.574245e+00
9.096732e-01,9.108911e-01,4.417018e-02,7.792694e-01,2.036794e+00,7.230094e-02,1.481788e+00,1.084523e+02,4.338057e+00
0.000000e+00,1.408601e-07,6.585708e-06,3.064421e-04,2.487046e-02,6.542980e-01,4.772108e-02,1.373484e-03,3.925788e+01
3.223404e-01,3.403841e-01,1.630948e-02,4.763641e-01,1.237664e+00,9.275048e-02,1.490672e+00,6.669389e+01,5.565029e+00
5.647115e-01,5.780751e-01,2.761020e-02,6.207925e-01,1.610339e+00,8.131278e-02,1.493052e+00,8.705350e+01,4.878767e+00
7.642359e-01,7.714463e-01,3.683969e-02,7.171454e-01,1.860118e+00,7.565667e-02,1.493181e+00,1.005737e+02,4.539401e+00
9.424521e-01,9.425203e-01,4.516137e-02,7.926834e-01,2.059520e+00,7.190092e-02,1.490662e+00,1.109798e+02,4.314055e+00
0.000000e+00,1.400991e-07,6.543247e-06,3.056132e-04,2.479015e-02,6.553569e-01,4.774617e-02,1.370489e-03,3.932141e+01
3.304035e-01,3.477267e-01,1.409824e-02,4.814746e-01,1.150708e+00,9.619112e-02,1.620519e+00,7.328118e+01,5.771467e+00
5.773093e-01,5.906393e-01,2.353957e-02,6.275026e-01,1.486900e+00,8.462070e-02,1.634479e+00,9.632966e+01,5.077242e+00
7.800092e-01,7.880885e-01,3.110073e-02,7.248395e-01,1.709101e+00,7.892846e-02,1.642554e+00,1.118218e+02,4.735707e+00
9.597477e-01,9.617929e-01,3.794514e-02,8.007467e-01,1.887820e+00,7.509953e-02,1.642783e+00,1.235493e+02,4.505972e+00
0.000000e+00,1.400690e-07,6.555882e-06,3.055803e-04,2.481407e-02,6.550409e-01,4.769501e-02,1.368874e-03,3.930246e+01
3.402563e-01,3.581107e-01,1.544066e-02,4.886107e-01,1.204247e+00,9.402856e-02,1.571423e+00,7.211427e+01,5.641714e+00
5.991024e-01,6.122205e-01,2.658041e-02,6.388639e-01,1.580023e+00,8.208916e-02,1.565996e+00,9.396454e+01,4.925350e+00
8.141681e-01,8.208564e-01,3.611895e-02,7.397551e-01,1.841832e+00,7.603130e-02,1.555549e+00,1.080778e+02,4.561878e+00
0.000000e+00,1.403953e-07,6.556000e-06,3.059360e-04,2.481430e-02,6.550380e-01,4.775010e-02,1.372050e-03,3.930228e+01
2.984868e-01,3.150417e-01,1.436612e-02,4.582879e-01,1.161588e+00,9.573955e-02,1.528030e+00,6.577112e+01,5.744373e+00
5.254025e-01,5.381376e-01,2.470410e-02,5.989645e-01,1.523235e+00,8.360533e-02,1.522929e+00,8.567335e+01,5.016320e+00
7.139065e-01,7.214298e-01,3.344992e-02,6.935079e-01,1.772475e+00,7.750460e-02,1.515364e+00,9.870370e+01,4.650276e+00
8.831356e-01,8.844732e-01,4.155871e-02,7.678860e-01,1.975666e+00,7.341093e-02,1.505320e+00,1.085652e+02,4.404655e+00
0.000000e+00,1.402823e-07,6.566449e-06,3.058130e-04,2.483406e-02,6.547773e-01,4.769290e-02,1.369855e-03,3.928664e+01
3.069849e-01,3.247763e-01,1.540199e-02,4.653144e-01,1.202738e+00,9.408751e-02,1.498377e+00,6.548363e+01,5.645251e+00
5.392613e-01,5.528384e-01,2.621428e-02,6.070906e-01,1.569103e+00,8.237430e-02,1.498469e+00,8.544096e+01,4.942458e+00
7.314581e-01,7.394053e-01,3.519553e-02,7.020946e-01,1.818135e+00,7.652518e-02,1.495599e+00,9.862243e+01,4.591511e+00
9.035381e-01,9.048783e-01,4.346738e-02,7.766932e-01,2.020525e+00,7.259143e-02,1.488781e+00,1.086039e+02,4.355486e+00
0.000000e+00,1.403100e-07,6.567569e-06,3.058431e-04,2.483618e-02,6.547493e-01,4.769354e-02,1.370008e-03,3.928496e+01
3.134385e-01,3.294359e-01,1.419256e-02,4.686406e-01,1.154550e+00,9.603091e-02,1.572073e+00,6.919545e+01,5.761855e+00
5.513144e-01,5.634063e-01,2.398600e-02,6.128656e-01,1.500934e+00,8.422417e-02,1.581428e+00,9.102897e+01,5.053450e+00
7.483525e-01,7.552032e-01,3.204463e-02,7.095554e-01,1.734843e+00,7.834069e-02,1.584061e+00,1.055658e+02,4.700442e+00
9.248346e-01,9.255350e-01,3.956388e-02,7.855083e-01,1.927667e+00,7.431928e-02,1.578209e+00,1.164341e+02,4.459157e+00
0.000000e+00,1.425397e-07,6.660538e-06,3.082636e-04,2.501135e-02,6.524525e-01,4.773431e-02,1.382031e-03,3.914715e+01
3.156503e-01,3.323435e-01,1.527703e-02,4.707040e-01,1.197849e+00,9.427933e-02,1.521919e+00,6.728288e+01,5.656760e+00
5.537193e-01,5.661827e-01,2.551183e-02,6.143737e-01,1.547937e+00,8.293557e-02,1.537181e+00,8.869981e+01,4.976134e+00
7.506097e-01,7.575307e-01,3.353895e-02,7.106479e-01,1.774832e+00,7.745311e-02,1.550754e+00,1.035053e+02,4.647186e+00
9.271940e-01,9.277391e-01,4.052647e-02,7.864431e-01,1.950976e+00,7.387399e-02,1.561209e+00,1.153170e+02,4.432439e+00
0.000000e+00,1.400361e-07,6.555060e-06,3.055444e-04,2.481252e-02,6.550615e-01,4.769240e-02,1.368638e-03,3.930369e+01
3.279528e-01,3.466647e-01,1.739548e-02,4.807388e-01,1.278206e+00,9.126770e-02,1.456646e+00,6.577007e+01,5.476062e+00
5.749558e-01,5.885137e-01,2.959511e-02,6.263725e-01,1.667219e+00,7.991370e-02,1.455076e+00,8.560191e+01,4.794822e+00
7.780992e-01,7.848819e-01,3.981730e-02,7.233634e-01,1.933831e+00,7.420075e-02,1.448718e+00,9.842497e+01,4.452045e+00
9.603368e-01,9.591463e-01,4.945895e-02,7.996442e-01,2.155286e+00,7.028538e-02,1.436936e+00,1.079193e+02,4.217123e+00
0.000000e+00,1.404231e-07,6.574527e-06,3.059663e-04,2.484933e-02,6.545761e-01,4.768749e-02,1.370386e-03,3.927456e+01
3.511557e-01,3.698104e-01,1.619171e-02,4.965282e-01,1.233187e+00,9.291869e-02,1.559411e+00,7.272265e+01,5.575121e+00
6.172403e-01,6.307420e-01,2.793495e-02,6.484556e-01,1.619782e+00,8.107543e-02,1.550491e+00,9.443102e+01,4.864526e+00
8.377209e-01,8.442667e-01,3.803436e-02,7.502296e-01,1.890038e+00,7.505544e-02,1.537338e+00,1.083249e+02,4.503326e+00
0.000000e+00,1.411657e-07,6.608178e-06,3.067743e-04,2.491285e-02,6.537411e-01,4.769152e-02,1.374121e-03,3.922447e+01
3.155645e-01,3.330656e-01,1.413963e-02,4.712152e-01,1.152396e+00,9.612065e-02,1.583665e+00,7.008863e+01,5.767239e+00
5.540779e-01,5.676253e-01,2.443764e-02,6.151560e-01,1.514998e+00,8.383230e-02,1.572602e+00,9.085921e+01,5.029938e+00
7.521244e-01,7.602320e-01,3.340763e-02,7.119138e-01,1.771354e+00,7.752911e-02,1.556566e+00,1.040783e+02,4.651747e+00
9.296814e-01,9.312629e-01,4.207344e-02,7.879353e-01,1.987863e+00,7.318536e-02,1.535146e+00,1.136070e+02,4.391122e+00
0.000000e+00,1.402144e-07,6.555118e-06,3.057389e-04,2.481263e-02,6.550601e-01,4.772254e-02,1.370374e-03,3.930360e+01
2.895202e-01,3.060474e-01,1.543455e-02,4.516986e-01,1.204008e+00,9.403787e-02,1.452998e+00,6.164228e+01,5.642272e+00
5.088759e-01,5.214012e-01,2.638301e-02,5.895768e-01,1.574145e+00,8.224228e-02,1.450579e+00,8.032427e+01,4.934537e+00
6.910589e-01,6.982002e-01,3.551593e-02,6.822513e-01,1.826393e+00,7.635200e-02,1.446758e+00,9.270545e+01,4.581120e+00
8.546187e-01,8.554229e-01,4.382671e-02,7.551701e-01,2.028860e+00,7.244218e-02,1.441579e+00,1.022464e+02,4.346531e+00
0.000000e+00,1.417218e-07,6.641415e-06,3.073780e-04,2.497542e-02,6.529217e-01,4.766565e-02,1.376079e-03,3.917530e+01
3.445989e-01,3.618487e-01,1.653712e-02,4.911543e-01,1.246271e+00,9.242965e-02,1.526339e+00,7.040995e+01,5.545779e+00
6.060102e-01,6.180932e-01,2.836235e-02,6.419207e-01,1.632126e+00,8.076825e-02,1.523257e+00,9.183743e+01,4.846095e+00
8.222519e-01,8.274001e-01,3.861746e-02,7.426978e-01,1.904471e+00,7.477050e-02,1.510370e+00,1.053563e+02,4.486230e+00
0.000000e+00,1.410955e-07,6.595978e-06,3.066981e-04,2.488984e-02,6.540432e-01,4.772375e-02,1.374708e-03,3.924259e+01
3.217090e-01,3.392996e-01,1.515850e-02,4.756046e-01,1.193193e+00,9.446310e-02,1.543765e+00,6.895919e+01,5.667786e+00
5.660805e-01,5.793228e-01,2.581281e-02,6.214622e-01,1.557042e+00,8.269274e-02,1.545824e+00,9.022769e+01,4.961565e+00
7.682256e-01,7.756507e-01,3.462085e-02,7.190970e-01,1.803231e+00,7.684079e-02,1.544478e+00,1.043120e+02,4.610447e+00
9.481253e-01,9.487728e-01,4.266918e-02,7.953082e-01,2.001888e+00,7.292856e-02,1.538656e+00,1.149323e+02,4.375714e+00
0.000000e+00,1.434545e-07,6.720282e-06,3.092512e-04,2.512328e-02,6.509976e-01,4.767391e-02,1.384705e-03,3.905986e+01
3.323791e-01,3.512349e-01,1.613857e-02,4.838973e-01,1.231162e+00,9.299508e-02,1.522242e+00,6.918341e+01,5.579705e+00
5.864666e-01,6.004293e-01,2.775907e-02,6.326817e-01,1.614674e+00,8.120355e-02,1.517560e+00,9.017711e+01,4.872213e+00
7.990286e-01,8.063230e-01,3.784471e-02,7.331771e-01,1.885320e+00,7.514930e-02,1.506154e+00,1.037154e+02,4.508958e+00
9.907321e-01,9.900165e-01,4.765496e-02,8.124107e-01,2.115614e+00,7.094131e-02,1.487253e+00,1.134816e+02,4.256479e+00
0.000000e+00,9.643638e-06,1.868308e-04,2.535566e-03,5.256945e-02,1.134029e+00,1.868044e-01,7.006162e-03,1.701043e+01
9.110712e-01,8.390855e-01,2.443483e-01,7.479240e-01,1.901139e+00,1.885749e-01,1.523664e+00,1.685641e+01,2.828624e+00
0.000000e+00,9.614499e-06,1.861129e-04,2.531732e-03,5.246835e-02,1.135121e+00,1.868813e-01,6.998451e-03,1.702682e+01
8.486805e-01,7.903985e-01,2.276768e-01,7.259011e-01,1.835137e+00,1.919360e-01,1.531985e+00,1.644941e+01,2.879041e+00
0.000000e+00,9.615945e-06,1.873651e-04,2.531922e-03,5.264455e-02,1.133220e+00,1.862698e-01,6.976076e-03,1.699829e+01
9.484083e-01,8.699858e-01,2.486593e-01,7.615710e-01,1.917836e+00,1.877522e-01,1.537958e+00,1.732500e+01,2.816283e+00
0.000000e+00,9.638332e-06,1.873388e-04,2.534868e-03,5.264086e-02,1.133259e+00,1.864996e-01,6.992808e-03,1.699889e+01
0.000000e+00,9.457908e-06,1.838105e-04,2.511030e-03,5.214279e-02,1.138659e+00,1.865105e-01,6.927452e-03,1.707989e+01
9.133813e-01,8.411719e-01,2.493994e-01,7.488533e-01,1.920688e+00,1.876128e-01,1.510030e+00,1.672633e+01,2.814192e+00
0.000000e+00,1.168481e-06,3.500214e-05,8.826025e-04,3.611962e-02,8.618518e-01,9.463846e-02,3.113325e-03,2.585555e+01
5.155944e-01,5.290003e-01,6.438634e-02,5.938576e-01,1.549147e+00,1.316006e-01,1.484688e+00,3.286315e+01,3.948018e+00
8.923336e-01,8.743919e-01,1.069126e-01,7.634972e-01,1.996229e+00,1.159308e-01,1.481299e+00,4.215429e+01,3.477925e+00
0.000000e+00,1.159574e-06,3.467503e-05,8.792324e-04,3.595045e-02,8.638772e-01,9.472071e-02,3.104133e-03,2.591632e+01
5.650814e-01,5.768186e-01,6.867681e-02,6.201175e-01,1.599930e+00,1.294952e-01,1.501132e+00,3.469640e+01,3.884856e+00
9.681848e-01,9.440122e-01,1.145051e-01,7.933105e-01,2.065895e+00,1.139594e-01,1.487238e+00,4.397597e+01,3.418781e+00
0.000000e+00,1.151249e-06,3.470256e-05,8.760705e-04,3.596471e-02,8.637059e-01,9.434266e-02,3.080625e-03,2.591118e+01
5.202322e-01,5.347019e-01,6.251857e-02,5.970494e-01,1.526513e+00,1.325727e-01,1.514801e+00,3.370990e+01,3.977180e+00
9.042286e-01,8.871033e-01,1.072914e-01,7.690268e-01,1.999762e+00,1.158284e-01,1.489391e+00,4.269156e+01,3.474852e+00
0.000000e+00,1.155976e-06,3.470184e-05,8.778670e-04,3.596434e-02,8.637103e-01,9.453710e-02,3.093305e-03,2.591131e+01
5.421229e-01,5.566204e-01,5.850288e-02,6.091636e-01,1.476673e+00,1.347913e-01,1.597699e+00,3.627611e+01,4.043739e+00
9.454538e-01,9.293600e-01,9.831391e-02,7.871298e-01,1.914271e+00,1.183866e-01,1.592534e+00,4.672257e+01,3.551598e+00
0.000000e+00,1.149776e-06,3.438711e-05,8.755097e-04,3.580088e-02,8.656799e-01,9.471371e-02,3.090761e-03,2.597040e+01
5.206270e-01,5.353743e-01,6.040991e-02,5.974246e-01,1.500548e+00,1.337147e-01,1.541980e+00,3.433631e+01,4.011442e+00
9.049625e-01,8.899857e-01,9.873553e-02,7.702752e-01,1.918371e+00,1.182600e-01,1.555102e+00,4.464744e+01,3.547800e+00
0.000000e+00,1.393216e-07,6.509727e-06,3.047639e-04,2.472657e-02,6.561990e-01,4.773592e-02,1.366388e-03,3.937194e+01
3.343262e-01,3.507229e-01,1.792365e-02,4.835445e-01,1.297465e+00,9.058779e-02,1.443399e+00,6.555228e+01,5.435267e+00
5.883517e-01,5.992182e-01,3.099398e-02,6.320434e-01,1.706166e+00,7.899632e-02,1.434734e+00,8.516934e+01,4.739779e+00
7.985346e-01,8.019999e-01,4.224823e-02,7.312090e-01,1.991988e+00,7.310954e-02,1.421675e+00,9.763533e+01,4.386573e+00
9.866011e-01,9.812744e-01,5.311441e-02,8.088157e-01,2.233514e+00,6.904355e-02,1.402512e+00,1.065421e+02,4.142613e+00
0.000000e+00,1.408336e-07,6.599785e-06,3.064132e-04,2.489702e-02,6.539488e-01,4.766567e-02,1.371760e-03,3.923693e+01
3.324128e-01,3.501405e-01,1.419476e-02,4.831429e-01,1.154640e+00,9.602720e-02,1.620596e+00,7.353859e+01,5.761632e+00
5.827047e-01,5.962704e-01,2.447612e-02,6.304868e-01,1.516191e+00,8.379934e-02,1.610526e+00,9.536935e+01,5.027960e+00
7.896886e-01,7.975711e-01,3.333482e-02,7.291873e-01,1.769423e+00,7.757141e-02,1.596074e+00,1.093093e+02,4.654285e+00
9.741627e-01,9.752925e-01,4.182450e-02,8.063467e-01,1.981974e+00,7.329402e-02,1.575686e+00,1.193319e+02,4.397641e+00
0.000000e+00,1.420807e-07,6.629003e-06,3.077669e-04,2.495207e-02,6.532271e-01,4.777063e-02,1.380855e-03,3.919363e+01
3.383653e-01,3.563028e-01,1.583544e-02,4.873758e-01,1.219544e+00,9.343696e-02,1.547790e+00,7.085018e+01,5.606217e+00
5.942394e-01,6.073703e-01,2.709935e-02,6.363282e-01,1.595372e+00,8.169331e-02,1.544774e+00,9.232323e+01,4.901599e+00
8.081066e-01,8.147283e-01,3.662052e-02,7.369886e-01,1.854577e+00,7.576962e-02,1.539081e+00,1.065338e+02,4.546177e+00
0.000000e+00,1.396550e-07,6.532790e-06,3.051284e-04,2.477033e-02,6.556190e-01,4.770857e-02,1.367238e-03,3.933714e+01
3.562928e-01,3.753560e-01,1.825222e-02,5.002373e-01,1.309304e+00,9.017732e-02,1.479726e+00,6.952202e+01,5.410639e+00
6.274244e-01,6.405092e-01,3.119684e-02,6.534571e-01,1.711740e+00,7.886759e-02,1.478512e+00,9.074172e+01,4.732056e+00
8.512204e-01,8.564328e-01,4.196148e-02,7.556158e-01,1.985217e+00,7.323413e-02,1.474140e+00,1.046176e+02,4.394048e+00
0.000000e+00,1.744274e-08,1.282978e-06,1.078355e-04,1.742524e-02,4.924265e-01,2.396782e-02,6.116860e-04,5.909118e+01
1.905953e-01,2.029317e-01,3.553914e-03,3.678149e-01,9.171126e-01,6.787651e-02,1.553289e+00,1.352135e+02,8.145182e+00
3.411389e-01,3.531628e-01,6.229581e-03,4.852235e-01,1.214223e+00,5.899042e-02,1.547707e+00,1.777334e+02,7.078851e+00
4.648068e-01,4.761028e-01,8.488066e-03,5.633843e-01,1.417338e+00,5.460018e-02,1.539490e+00,2.052674e+02,6.552021e+00
5.748218e-01,5.851781e-01,1.058012e-02,6.245949e-01,1.582393e+00,5.167418e-02,1.528726e+00,2.259781e+02,6.200902e+00
6.761359e-01,6.853942e-01,1.260914e-02,6.759656e-01,1.727476e+00,4.945667e-02,1.515508e+00,2.424495e+02,5.934800e+00
7.712758e-01,7.792994e-01,1.463568e-02,7.207863e-01,1.861126e+00,4.764781e-02,1.499949e+00,2.558712e+02,5.717737e+00
8.616648e-01,8.683239e-01,1.670055e-02,7.608433e-01,1.988083e+00,4.610134e-02,1.482198e+00,2.668947e+02,5.532161e+00
9.479641e-01,9.531360e-01,1.882899e-02,7.971349e-01,2.110973e+00,4.473933e-02,1.462496e+00,2.759084e+02,5.368720e+00
0.000000e+00,1.743689e-08,1.283132e-06,1.078174e-04,1.742629e-02,4.924117e-01,2.396236e-02,6.114442e-04,5.908941e+01
2.004160e-01,2.123485e-01,3.747691e-03,3.762521e-01,9.417835e-01,6.698156e-02,1.547297e+00,1.377815e+02,8.037787e+00
3.577512e-01,3.693173e-01,6.535250e-03,4.961971e-01,1.243656e+00,5.828821e-02,1.545253e+00,1.814647e+02,6.994585e+00
4.870571e-01,4.978209e-01,8.845238e-03,5.760908e-01,1.446851e+00,5.404044e-02,1.542100e+00,2.102528e+02,6.484852e+00
6.020080e-01,6.117492e-01,1.093012e-02,6.386179e-01,1.608354e+00,5.125544e-02,1.537818e+00,2.324259e+02,6.150652e+00
7.075349e-01,7.161005e-01,1.288566e-02,6.909416e-01,1.746315e+00,4.918918e-02,1.532373e+00,2.505787e+02,5.902701e+00
8.062415e-01,8.135064e-01,1.476646e-02,7.364357e-01,1.869422e+00,4.754196e-02,1.525714e+00,2.659171e+02,5.705036e+00
8.998458e-01,9.056958e-01,1.661259e-02,7.770439e-01,1.982841e+00,4.616224e-02,1.517761e+00,2.791176e+02,5.539469e+00
9.895006e-01,9.938282e-01,1.845585e-02,8.139731e-01,2.089952e+00,4.496377e-02,1.508410e+00,2.905814e+02,5.395652e+00
0.000000e+00,1.747739e-08,1.287370e-06,1.079425e-04,1.745504e-02,4.920060e-01,2.395065e-02,6.118547e-04,5.904072e+01
2.103849e-01,2.243840e-01,4.128992e-03,3.867678e-01,9.885330e-01,6.537854e-02,1.515321e+00,1.387054e+02,7.845425e+00
3.763478e-01,3.898758e-01,7.168395e-03,5.098208e-01,1.302507e+00,5.695616e-02,1.515943e+00,1.829106e+02,6.834740e+00
5.119100e-01,5.244993e-01,9.646297e-03,5.913258e-01,1.510948e+00,5.288178e-02,1.515734e+00,2.121232e+02,6.345814e+00
6.318920e-01,6.433107e-01,1.184851e-02,6.548846e-01,1.674561e+00,5.023198e-02,1.514640e+00,2.347537e+02,6.027838e+00
7.419146e-01,7.520027e-01,1.388904e-02,7.080503e-01,1.813031e+00,4.827565e-02,1.512532e+00,2.534585e+02,5.793078e+00
8.444261e-01,8.530576e-01,1.582444e-02,7.541254e-01,1.935234e+00,4.672659e-02,1.509231e+00,2.693628e+02,5.607191e+00
9.410998e-01,9.481680e-01,1.769911e-02,7.950547e-01,2.046656e+00,4.543686e-02,1.504519e+00,2.830956e+02,5.452424e+00
0.000000e+00,1.733844e-08,1.276104e-06,1.075126e-04,1.737850e-02,4.930883e-01,2.396032e-02,6.096638e-04,5.917059e+01
1.820694e-01,1.931859e-01,3.977082e-03,3.588741e-01,9.701781e-01,6.599410e-02,1.432637e+00,1.216793e+02,7.919292e+00
3.249144e-01,3.356511e-01,6.951171e-03,4.730406e-01,1.282620e+00,5.739601e-02,1.428387e+00,1.599126e+02,6.887522e+00
4.417041e-01,4.516565e-01,9.432272e-03,5.487297e-01,1.494092e+00,5.317924e-02,1.422416e+00,1.847241e+02,6.381509e+00
5.451609e-01,5.541210e-01,1.169816e-02,6.077944e-01,1.663903e+00,5.039261e-02,1.414732e+00,2.035023e+02,6.047112e+00
6.400759e-01,6.478943e-01,1.386148e-02,6.572134e-01,1.811232e+00,4.829963e-02,1.405329e+00,2.185863e+02,5.795956e+00
7.289181e-01,7.354666e-01,1.598712e-02,7.002222e-01,1.945155e+00,4.660727e-02,1.394207e+00,2.310476e+02,5.592873e+00
8.131565e-01,8.183159e-01,1.811992e-02,7.386094e-01,2.070843e+00,4.517074e-02,1.381380e+00,2.414718e+02,5.420488e+00
8.937501e-01,8.974037e-01,2.029480e-02,7.734786e-01,2.191602e+00,4.390864e-02,1.366886e+00,2.502183e+02,5.269037e+00
9.713613e-01,9.733897e-01,2.254105e-02,8.055598e-01,2.309703e+00,4.277132e-02,1.350788e+00,2.575273e+02,5.132559e+00
0.000000e+00,1.740452e-08,1.280811e-06,1.077173e-04,1.741052e-02,4.926347e-01,2.396180e-02,6.108621e-04,5.911616e+01
2.031704e-01,2.157004e-01,4.318224e-03,3.792101e-01,1.010932e+00,6.465021e-02,1.452793e+00,1.303833e+02,7.758025e+00
3.630044e-01,3.750355e-01,7.545817e-03,5.000237e-01,1.336357e+00,5.623020e-02,1.449152e+00,1.714916e+02,6.747624e+00
4.938422e-01,5.049019e-01,1.023125e-02,5.801735e-01,1.556086e+00,5.210916e-02,1.444009e+00,1.982742e+02,6.253099e+00
6.097644e-01,6.196084e-01,1.267201e-02,6.427070e-01,1.731776e+00,4.939521e-02,1.437364e+00,2.186342e+02,5.927426e+00
7.160640e-01,7.245164e-01,1.498749e-02,6.949899e-01,1.883361e+00,4.736570e-02,1.429192e+00,2.350755e+02,5.683884e+00
8.154731e-01,8.223836e-01,1.724635e-02,7.404430e-01,2.020309e+00,4.573219e-02,1.419448e+00,2.487422e+02,5.487862e+00
9.096308e-01,9.148626e-01,1.949710e-02,7.809663e-01,2.148099e+00,4.435103e-02,1.408068e+00,2.602522e+02,5.322124e+00
9.995940e-01,1.003013e+00,2.177930e-02,8.177259e-01,2.270341e+00,4.314051e-02,1.394962e+00,2.699655e+02,5.176861e+00
